{
  "first-contentful-paint": {
    "average": 3517.575285956099,
    "median": 3616.880499999998,
    "standardDeviation": 2271.8866205718778,
    "minMax": {
      "min": 1179.0177894329258,
      "max": 5802.098350000003
    },
    "spread": 4623.080560567078,
    "empiricalVariance": 2270.6049747297257,
    "variationCoefficient": 64.58672340695516,
    "values": [
      1179.0177894329258,
      1179.2134999999998,
      1201.7849666989407,
      1214.5612999999996,
      1460.2739999999994,
      5773.486999999996,
      5786.583600000003,
      5787.84405258703,
      5790.888300842092,
      5802.098350000003
    ]
  },
  "largest-contentful-paint": {
    "average": 6904.268230736408,
    "median": 6932.762364446353,
    "standardDeviation": 4048.0116701098423,
    "minMax": {
      "min": 2313.4565288927024,
      "max": 11552.068200000003
    },
    "spread": 9238.611671107301,
    "empiricalVariance": 4007.18052595283,
    "variationCoefficient": 58.630567857849314,
    "values": [
      10486.583512467816,
      10496.674925000003,
      10650.954645978381,
      11370.96249999999,
      11552.068200000003,
      2313.4565288927024,
      2316.1285450251944,
      2422.4274999999993,
      3711.0726999999997,
      3722.3532499999997
    ]
  },
  "first-meaningful-paint": {
    "average": 3517.575285956099,
    "median": 3616.880499999998,
    "standardDeviation": 2271.8866205718778,
    "minMax": {
      "min": 1179.0177894329258,
      "max": 5802.098350000003
    },
    "spread": 4623.080560567078,
    "empiricalVariance": 2270.6049747297257,
    "variationCoefficient": 64.58672340695516,
    "values": [
      1179.0177894329258,
      1179.2134999999998,
      1201.7849666989407,
      1214.5612999999996,
      1460.2739999999994,
      5773.486999999996,
      5786.583600000003,
      5787.84405258703,
      5790.888300842092,
      5802.098350000003
    ]
  },
  "speed-index": {
    "average": 4581.574585942865,
    "median": 4741.704627329116,
    "standardDeviation": 2896.5288227085302,
    "minMax": {
      "min": 1447.0178845815947,
      "max": 7740.239499978474
    },
    "spread": 6293.221615396879,
    "empiricalVariance": 2886.5146542922967,
    "variationCoefficient": 63.22125217814039,
    "values": [
      1447.0178845815947,
      1470.6414656725324,
      1661.8362556731945,
      1696.753609663642,
      2199.050442661879,
      7284.358811996352,
      7300.43506250017,
      7316.588002748265,
      7698.824823952551,
      7740.239499978474
    ]
  },
  "total-blocking-time": {
    "average": 149.85000000000008,
    "median": 154.0000000000009,
    "standardDeviation": 106.58776899813611,
    "minMax": {
      "min": 41,
      "max": 267.0000000000018
    },
    "spread": 226.00000000000182,
    "empiricalVariance": 106.45000000000012,
    "variationCoefficient": 71.12964230773177,
    "values": [
      244.9999999999991,
      252.5,
      255.9999999999991,
      261.0000000000009,
      267.0000000000018,
      41,
      42.5,
      43,
      44.5,
      46
    ]
  },
  "max-potential-fid": {
    "average": 181.35000000000008,
    "median": 183.7500000000009,
    "standardDeviation": 105.05023798164393,
    "minMax": {
      "min": 74,
      "max": 293.5000000000018
    },
    "spread": 219.50000000000182,
    "empiricalVariance": 104.95000000000012,
    "variationCoefficient": 57.926792380283366,
    "values": [
      275.9999999999991,
      284,
      285.9999999999991,
      292.0000000000009,
      293.5000000000018,
      74,
      75.5,
      76,
      77.5,
      79
    ]
  },
  "cumulative-layout-shift": {
    "average": 0.000247286755246012,
    "median": 0.00010669515301589495,
    "standardDeviation": 0.00031437237965215275,
    "minMax": {
      "min": 0.00010669515301589495,
      "max": 0.0009502447663965973
    },
    "spread": 0.0008435496133807023,
    "empiricalVariance": 0.0002343193370501951,
    "variationCoefficient": 127.1286767216469,
    "values": [
      0.00010669515301589495,
      0.00010669515301589495,
      0.00010669515301589495,
      0.00010669515301589495,
      0.00010669515301589495,
      0.0009502447663965973
    ]
  },
  "server-response-time": {
    "average": 15.103699999999998,
    "median": 3.7184999999999997,
    "standardDeviation": 33.9866715259085,
    "minMax": {
      "min": 3.262,
      "max": 117.06
    },
    "spread": 113.798,
    "empiricalVariance": 20.39126,
    "variationCoefficient": 225.02215699403786,
    "values": [
      117.06,
      3.262,
      3.38,
      3.628,
      3.666,
      3.771,
      3.9400000000000004,
      4.007,
      4.093999999999999,
      4.229
    ]
  },
  "interactive": {
    "average": 5821.296152465961,
    "median": 5913.070896535077,
    "standardDeviation": 3899.17903053394,
    "minMax": {
      "min": 1851.939408923261,
      "max": 9827.609526462076
    },
    "spread": 7975.670117538815,
    "empiricalVariance": 3898.079436440485,
    "variationCoefficient": 66.98128609866735,
    "values": [
      1851.939408923261,
      1853.8562499999998,
      1859.0746712041193,
      1894.2287499999998,
      2156.984499999999,
      9669.157293070155,
      9680.345000000003,
      9697.535625000004,
      9722.230499999996,
      9827.609526462076
    ]
  },
  "mainthread-work-breakdown": {
    "average": 818.5062999999702,
    "median": 827.4904999999706,
    "standardDeviation": 484.3510041494623,
    "minMax": {
      "min": 320.7689999999877,
      "max": 1334.2119999999534
    },
    "spread": 1013.4429999999657,
    "empiricalVariance": 484.0992999999818,
    "variationCoefficient": 59.174987920004995,
    "values": [
      1272.0839999999505,
      1302.0599999999522,
      1302.235999999953,
      1302.4359999999515,
      1334.2119999999534,
      320.7689999999877,
      327.20799999998826,
      332.72899999998833,
      343.16099999998994,
      348.16799999998807
    ]
  },
  "bootup-time": {
    "average": 487.8440999999701,
    "median": 480.8234999999709,
    "standardDeviation": 294.6366396941821,
    "minMax": {
      "min": 185.93499999998775,
      "max": 808.0879999999535
    },
    "spread": 622.1529999999657,
    "empiricalVariance": 294.4006999999818,
    "variationCoefficient": 60.39565502466877,
    "values": [
      185.93499999998775,
      189.4889999999884,
      192.46999999998832,
      198.83999999998784,
      200.4829999999895,
      761.1639999999524,
      772.8119999999503,
      780.9759999999525,
      788.1839999999512,
      808.0879999999535
    ]
  },
  "network-rtt": {
    "average": 155.657465,
    "median": 152.89180000000002,
    "standardDeviation": 155.56657673881472,
    "minMax": {
      "min": 0.08864999999999999,
      "max": 313.717
    },
    "spread": 313.62835,
    "empiricalVariance": 155.55273499999998,
    "variationCoefficient": 99.94161008520518,
    "values": [
      0.08864999999999999,
      0.09344999999999999,
      0.09465,
      0.1143,
      0.1326,
      305.651,
      310.87,
      312.864,
      312.949,
      313.717
    ]
  },
  "network-server-latency": {
    "average": 407.52222952206364,
    "median": 415.21755975815313,
    "standardDeviation": 96.77232924257557,
    "minMax": {
      "min": 300.614,
      "max": 504.1576
    },
    "spread": 203.54360000000003,
    "empiricalVariance": 96.49602952206368,
    "variationCoefficient": 23.74651546151698,
    "values": [
      300.614,
      302.044,
      306.04,
      319.84299999999996,
      326.59,
      503.84511951630634,
      503.9013903011692,
      504.0645712993557,
      504.12261410380535,
      504.1576
    ]
  },
  "metrics": {
    "average": 5821.3,
    "median": 5913,
    "standardDeviation": 3899.2009707118195,
    "minMax": {
      "min": 1852,
      "max": 9828
    },
    "spread": 7976,
    "empiricalVariance": 3898.1,
    "variationCoefficient": 66.98161872282513,