{
  "first-contentful-paint": {
    "average": 1205.8783850000002,
    "median": 1207.686475,
    "standardDeviation": 11.34003195156008,
    "minMax": {
      "min": 1185.5298499999997,
      "max": 1219.54385
    },
    "spread": 34.01400000000035,
    "empiricalVariance": 8.634708000000137,
    "variationCoefficient": 0.9403959879055367,
    "values": [
      1185.5298499999997,
      1204.64015,
      1207.686475,
      1211.9916000000003,
      1219.54385
    ]
  },
  "largest-contentful-paint": {
    "average": 7008.18238,
    "median": 7011.741099999997,
    "standardDeviation": 14.995094358937015,
    "minMax": {
      "min": 6979.5761749999965,
      "max": 7023.853475000004
    },
    "spread": 44.277300000007926,
    "empiricalVariance": 11.442482000001473,
    "variationCoefficient": 0.21396552694932883,
    "values": [
      6979.5761749999965,
      7011.502499999997,
      7011.741099999997,
      7014.238650000007,
      7023.853475000004
    ]
  },
  "first-meaningful-paint": {
    "average": 1205.8783850000002,
    "median": 1207.686475,
    "standardDeviation": 11.34003195156008,
    "minMax": {
      "min": 1185.5298499999997,
      "max": 1219.54385
    },
    "spread": 34.01400000000035,
    "empiricalVariance": 8.634708000000137,
    "variationCoefficient": 0.9403959879055367,
    "values": [
      1185.5298499999997,
      1204.64015,
      1207.686475,
      1211.9916000000003,
      1219.54385
    ]
  },
  "speed-index": {
    "average": 1205.8783850000002,
    "median": 1207.686475,
    "standardDeviation": 11.34003195156008,
    "minMax": {
      "min": 1185.5298499999997,
      "max": 1219.54385
    },
    "spread": 34.01400000000035,
    "empiricalVariance": 8.634708000000137,
    "variationCoefficient": 0.9403959879055367,
    "values": [
      1185.5298499999997,
      1204.64015,
      1207.686475,
      1211.9916000000003,
      1219.54385
    ]
  },
  "max-potential-fid": {
    "average": 161.5,
    "median": 191.00000000000006,
    "standardDeviation": 73.58192712888132,
    "minMax": {
      "min": 16.5,
      "max": 221.5
    },
    "spread": 205,
    "empiricalVariance": 58,
    "variationCoefficient": 45.56156478568503,
    "values": [
      16.5,
      184.99999999999994,
      191.00000000000006,
      193.49999999999997,
      221.5
    ]
  },
  "cumulative-layout-shift": {
    "average": 0.15414504577094826,
    "median": 0.15727551035373435,
    "standardDeviation": 0.006260929165572193,
    "minMax": {
      "min": 0.14162318743980387,
      "max": 0.15727551035373435
    },
    "spread": 0.015652322913930483,
    "empiricalVariance": 0.005008743332457754,
    "variationCoefficient": 4.0617128719632145,
    "values": [
      0.14162318743980387,
      0.15727551035373435,
      0.15727551035373435,
      0.15727551035373435,
      0.15727551035373435
    ]
  },
  "server-response-time": {
    "average": 4.3086,
    "median": 4.346,
    "standardDeviation": 0.3325156236930829,
    "minMax": {
      "min": 3.725,
      "max": 4.762
    },
    "spread": 1.0369999999999995,
    "empiricalVariance": 0.2334399999999998,
    "variationCoefficient": 7.717486508218049,
    "values": [
      3.725,
      4.333,
      4.346,
      4.377,
      4.762
    ]
  },
  "interactive": {
    "average": 1368.152895,
    "median": 1386.562925,
    "standardDeviation": 77.54819221542077,
    "minMax": {
      "min": 1219.54385,
      "max": 1445.6470749999999
    },
    "spread": 226.10322499999984,
    "empiricalVariance": 59.44361800000011,
    "variationCoefficient": 5.66809400461202,
    "values": [
      1219.54385,
      1383.3074249999995,
      1386.562925,
      1405.7032000000004,
      1445.6470749999999
    ]
  },
  "mainthread-work-breakdown": {
    "average": 726.3342,
    "median": 875.6370000000001,
    "standardDeviation": 300.86004364780644,
    "minMax": {
      "min": 131.45200000000008,
      "max": 942.4150000000003
    },
    "spread": 810.9630000000002,
    "empiricalVariance": 237.95288,
    "variationCoefficient": 41.42170968237574,
    "values": [
      131.45200000000008,
      799.9620000000001,
      875.6370000000001,
      882.2049999999999,
      942.4150000000003
    ]
  },
  "bootup-time": {
    "average": 26.53,
    "median": 25.415000000000003,
    "standardDeviation": 5.152300495895011,
    "minMax": {
      "min": 21.676000000000002,
      "max": 36.020999999999994
    },
    "spread": 14.344999999999992,
    "empiricalVariance": 4.057199999999996,
    "variationCoefficient": 19.42065773047498,
    "values": [
      21.676000000000002,
      22.355999999999995,
      25.415000000000003,
      27.181999999999995,
      36.020999999999994
    ]
  },
  "network-rtt": {
    "average": 0.09813000000000001,
    "median": 0.09615,
    "standardDeviation": 0.0053928285713528866,
    "minMax": {
      "min": 0.09269999999999999,
      "max": 0.10815
    },
    "spread": 0.015450000000000005,
    "empiricalVariance": 0.0042960000000000055,
    "variationCoefficient": 5.4955962206795945,
    "values": [
      0.09269999999999999,
      0.0948,
      0.09615,
      0.09885000000000001,
      0.10815
    ]
  },
  "network-server-latency": {
    "average": 103.08569,
    "median": 102.92815,
    "standardDeviation": 0.33379570009213105,
    "minMax": {
      "min": 102.79425,
      "max": 103.70084999999999
    },
    "spread": 0.9065999999999832,
    "empiricalVariance": 0.2792279999999948,
    "variationCoefficient": 0.3238041090787005,
    "values": [
      102.79425,
      102.8366,
      102.92815,
      103.1686,
      103.70084999999999
    ]
  },
  "metrics": {
    "average": 1368.4,
    "median": 1387,
    "standardDeviation": 77.481868846847,
    "minMax": {
      "min": 1220,
      "max": 1446
    },
    "spread": 226,
    "empiricalVariance": 59.35999999999994,
    "variationCoefficient": 5.662223680710829,
    "values": [
      1220,
      1383,
      1387,
      1406,
      1446
    ]
  },
  "total-byte-weight": {
    "average": 7847056,
    "median": 7847056,
    "standardDeviation": 0,
    "minMax": {
      "min": 7847056,
      "max": 7847056
    },
    "spread": 0,
    "empiricalVariance": 0,
    "variationCoefficient": 0,
    "values": [
      7847056,
      7847056,
      7847056,
      7847056,
      7847056
    ]
  },
  "unminified-javascript": {
    "average": 424,
    "median": 440,
    "standardDeviation": 19.595917942265423,
    "minMax": {
      "min": 400,
      "max": 440
    },
    "spread": 40,
    "empiricalVariance": 19.2,
    "variationCoefficient": 4.62167875996826,
    "values": [
      400,
      400,
      440,
      440,
      440
    ]
  },
  "unused-javascript": {
    "average": 480,
    "median": 480,
    "standardDeviation": 0,
    "minMax": {
      "min": 480,
      "max": 480
    },
    "spread": 0,
    "empiricalVariance": 0,
    "variationCoefficient": 0,
    "values": [
      480,
      480,
      480,
      480,
      480
    ]
  },
  "modern-image-formats": {
    "average": 600,
    "median": 600,
    "standardDeviation": 0,
    "minMax": {
      "min": 600,
      "max": 600
    },
    "spread": 0,
    "empiricalVariance": 0,
    "variationCoefficient": 0,
    "values": [
      600,
      600,
      600,
      600,
      600
    ]
  },
  "uses-text-compression": {
    "average": 840,
    "median": 840,
    "standardDeviation": 35.77708763999664,
    "minMax": {
      "min": 800,
      "max": 880
    },
    "spread": 80,
    "empiricalVariance": 32,
    "variationCoefficient": 4.2591770999996,
    "values": [
      800,
      800,
      840,
      880,
      880
    ]
  },
  "uses-responsive-images": {
    "average": 4970,
    "median": 4970,
    "standardDeviation": 0,
    "minMax": {
      "min": 4970,
      "max": 4970
    },
    "spread": 0,
    "empiricalVariance": 0,
    "variationCoefficient": 0,
    "values": [
      4970,
      4970,
      4970,
      4970,
      4970
    ]
  },
  "dom-size": {
    "average": 26,
    "median": 26,