{
  "first-contentful-paint": {
    "average": 843.6815933333334,
    "median": 236.6298,
    "standardDeviation": 528.1757242470659,
    "minMax": {
      "min": 220.2147,
      "max": 1534.9924999999998
    },
    "spread": 1314.7777999999998,
    "empericalVariance": 452.3290977777778,
    "variationCoefficient": 62.60367992150647
  },
  "largest-contentful-paint": {
    "average": 37631.76155833333,
    "median": 5404.102150000001,
    "standardDeviation": 28665.143014506666,
    "minMax": {
      "min": 5370.53675,
      "max": 75061.236875
    },
    "spread": 69690.700125,
    "empericalVariance": 24938.030074444443,
    "variationCoefficient": 76.17273767552064
  },
  "first-meaningful-paint": {
    "average": 995.6216916666666,
    "median": 1721.0463750000001,
    "standardDeviation": 584.6388452890396,
    "minMax": {
      "min": 236.6298,
      "max": 1771.4962999999998
    },
    "spread": 1534.8664999999999,
    "empericalVariance": 505.28789,
    "variationCoefficient": 58.72098309854585
  },
  "speed-index": {
    "average": 1242.4779615532616,
    "median": 2214.13499362573,
    "standardDeviation": 747.4844648454175,
    "minMax": {
      "min": 236.6298,
      "max": 2400.6109033928287
    },
    "spread": 2163.9811033928286,
    "empericalVariance": 648.6185127887892,
    "variationCoefficient": 60.16078256317425
  },
  "max-potential-fid": {
    "average": 718.0666666666667,
    "median": 516.0000000000001,
    "standardDeviation": 606.3497853732796,
    "minMax": {
      "min": 16,
      "max": 1985
    },
    "spread": 1969,
    "empericalVariance": 456.74666666666667,
    "variationCoefficient": 84.44199035000644
  },
  "cumulative-layout-shift": {
    "average": 0.05900993574701574,
    "median": 0.05309214867349619,
    "standardDeviation": 0.021693781474306933,
    "minMax": {
      "min": 0.05309214867349619,
      "max": 0.1401744866911829
    },
    "spread": 0.08708233801768672,
    "empericalVariance": 0.010821940125888961,
    "variationCoefficient": 36.76293017384625
  },
  "server-response-time": {
    "average": 103.93513333333335,
    "median": 103.426,
    "standardDeviation": 1.2513156738231772,
    "minMax": {
      "min": 102.816,
      "max": 107.571
    },
    "spread": 4.7549999999999955,
    "empericalVariance": 0.9481955555555572,
    "variationCoefficient": 1.2039390663117224
  },
  "interactive": {
    "average": 1566.0951233333333,
    "median": 236.6298,
    "standardDeviation": 1099.791176293921,
    "minMax": {
      "min": 236.6298,
      "max": 3536.6601
    },
    "spread": 3300.0303,
    "empericalVariance": 882.8808351111111,
    "variationCoefficient": 70.22505593102709
  },
  "mainthread-work-breakdown": {
    "average": 1476.3281999999995,
    "median": 199.7419999999999,
    "standardDeviation": 984.2238654542097,
    "minMax": {
      "min": 65.27399999999999,
      "max": 3114.5559999999996
    },
    "spread": 3049.2819999999997,
    "empericalVariance": 831.2344266666663,
    "variationCoefficient": 66.66700977832774
  },
  "network-rtt": {
    "average": 0.09847,
    "median": 0.09465,
    "standardDeviation": 0.013117110962403268,
    "minMax": {
      "min": 0.0885,
      "max": 0.14475
    },
    "spread": 0.056249999999999994,
    "empericalVariance": 0.00785333333333333,
    "variationCoefficient": 13.320921054537695
  },
  "network-server-latency": {
    "average": 13.207463333333331,
    "median": 17.49625,
    "standardDeviation": 4.15133179170519,
    "minMax": {
      "min": 7.6642,
      "max": 21.582900000000002
    },
    "spread": 13.918700000000001,
    "empericalVariance": 3.3926777777777763,
    "variationCoefficient": 31.43171165372804
  },
  "metrics": {
    "average": 1566.0666666666666,
    "median": 237,
    "standardDeviation": 1099.7887958856263,
    "minMax": {
      "min": 237,
      "max": 3537
    },
    "spread": 3300,
    "empericalVariance": 882.8622222222223,
    "variationCoefficient": 70.22617997652036
  },
  "uses-long-cache-ttl": {
    "average": 6397465,
    "median": 6397465,
    "standardDeviation": 0,
    "minMax": {
      "min": 6397465,
      "max": 6397465
    },
    "spread": 0,
    "empericalVariance": 0,
    "variationCoefficient": 0
  },
  "total-byte-weight": {
    "average": 6399488,
    "median": 6399488,
    "standardDeviation": 0,
    "minMax": {
      "min": 6399488,
      "max": 6399488
    },
    "spread": 0,
    "empericalVariance": 0,
    "variationCoefficient": 0
  },
  "render-blocking-resources": {
    "average": 146.13333333333333,
    "median": 269,
    "standardDeviation": 93.39012557843338,
    "minMax": {
      "min": 36,
      "max": 276
    },
    "spread": 240,
    "empericalVariance": 82.84444444444443,
    "variationCoefficient": 63.907476445095845
  },
  "modern-image-formats": {
    "average": 4250,
    "median": 600,
    "standardDeviation": 3203.9038687201587,
    "minMax": {
      "min": 600,
      "max": 8400
    },
    "spread": 7800,
    "empericalVariance": 2766.6666666666665,
    "variationCoefficient": 75.3859733816508
  },
  "uses-responsive-images": {
    "average": 35768,
    "median": 4920,
    "standardDeviation": 27554.77362152216,
    "minMax": {
      "min": 4920,
      "max": 72000
    },
    "spread": 67080,
    "empericalVariance": 24026.666666666668,
    "variationCoefficient": 77.03750173764863
  },
  "dom-size": {
    "average": 27,
    "median": 27,
    "standardDeviation": 0,
    "minMax": {
      "min": 27,
      "max": 27
    },
    "spread": 0,
    "empericalVariance": 0,
    "variationCoefficient": 0
  },
  "total-blocking-time": {
    "average": 751.9009653846156,
    "median": 364.1357499999999,
    "standardDeviation": 700.6816712451789,
    "minMax": {
      "min": 28.575500000000005,
      "max": 2086.65115
    },
    "spread": 2058.07565,
    "empericalVariance": 554.1779059171597,
    "variationCoefficient": 93.18802654905004
  },
  "bootup-time": {
    "average": 48.549785714285726,
    "median": 49.03399999999999,
    "standardDeviation": 27.53011132295113,
    "minMax": {
      "min": 11.693000000000003,
      "max": 101.32000000000002
    },
    "spread": 89.62700000000002,
    "empericalVariance": 22.432244897959183,
    "variationCoefficient": 56.70490799890479
  }
}