{
  "first-contentful-paint": {
    "average": 504.43476999999996,
    "median": 506.45705,
    "standardDeviation": 270.49189329157,
    "minMax": {
      "min": 220.2147,
      "max": 782.6914999999999
    },
    "spread": 562.4767999999999,
    "empericalVariance": 270.39736999999997,
    "variationCoefficient": 53.62276936055975
  },
  "largest-contentful-paint": {
    "average": 18928.2390025,
    "median": 18917.3905,
    "standardDeviation": 13530.3472495518,
    "minMax": {
      "min": 5370.53675,
      "max": 32464.24425
    },
    "spread": 27093.7075,
    "empericalVariance": 13530.341347499998,
    "variationCoefficient": 71.48233519116461
  },
  "first-meaningful-paint": {
    "average": 650.8168225,
    "median": 238.56278749999998,
    "standardDeviation": 392.88284093212695,
    "minMax": {
      "min": 236.6298,
      "max": 1109.8518250000002
    },
    "spread": 873.2220250000003,
    "empericalVariance": 387.4572825,
    "variationCoefficient": 60.36765297844262
  },
  "speed-index": {
    "average": 785.1240513703854,
    "median": 294.41345895234963,
    "standardDeviation": 445.13078946273725,
    "minMax": {
      "min": 236.6298,
      "max": 1419.2589417617949
    },
    "spread": 1182.629141761795,
    "empericalVariance": 422.0484186490721,
    "variationCoefficient": 56.6955997190239
  },
  "max-potential-fid": {
    "average": 541.4,
    "median": 1321,
    "standardDeviation": 569.5005179980084,
    "minMax": {
      "min": 16,
      "max": 1985
    },
    "spread": 1969,
    "empericalVariance": 443.80000000000007,
    "variationCoefficient": 105.19034318396905
  },
  "cumulative-layout-shift": {
    "average": 0.061968829283775506,
    "median": 0.05309214867349619,
    "standardDeviation": 0.026070387014711496,
    "minMax": {
      "min": 0.05309214867349619,
      "max": 0.1401744866911829
    },
    "spread": 0.08708233801768672,
    "empericalVariance": 0.01564113148148148,
    "variationCoefficient": 42.07016223483372
  },
  "server-response-time": {
    "average": 103.78180000000002,
    "median": 103.36349999999999,
    "standardDeviation": 1.3223918330056335,
    "minMax": {
      "min": 102.816,
      "max": 107.571
    },
    "spread": 4.7549999999999955,
    "empericalVariance": 0.8622800000000026,
    "variationCoefficient": 1.2742039866389225
  },
  "interactive": {
    "average": 1056.948875,
    "median": 248.896825,
    "standardDeviation": 863.7870767904495,
    "minMax": {
      "min": 236.6298,
      "max": 2962.34885
    },
    "spread": 2725.7190499999997,
    "empericalVariance": 759.367195,
    "variationCoefficient": 81.72458453020725
  },
  "mainthread-work-breakdown": {
    "average": 1135.8170999999995,
    "median": 1501.4769999999999,
    "standardDeviation": 929.3519972348956,
    "minMax": {
      "min": 65.27399999999999,
      "max": 2803.212
    },
    "spread": 2737.938,
    "empericalVariance": 877.9596999999997,
    "variationCoefficient": 81.82232836914464
  },
  "network-rtt": {
    "average": 0.094515,
    "median": 0.0933,
    "standardDeviation": 0.004469622467278416,
    "minMax": {
      "min": 0.0885,
      "max": 0.10394999999999999
    },
    "spread": 0.015449999999999992,
    "empericalVariance": 0.003377999999999999,
    "variationCoefficient": 4.72900858834938
  },
  "network-server-latency": {
    "average": 14.267384999999999,
    "median": 13.256350000000001,
    "standardDeviation": 4.080819845879625,
    "minMax": {
      "min": 9.374149999999998,
      "max": 21.582900000000002
    },
    "spread": 12.208750000000004,
    "empericalVariance": 3.5040289999999983,
    "variationCoefficient": 28.602437278307313
  },
  "metrics": {
    "average": 1056.9,
    "median": 249,
    "standardDeviation": 863.6870324370976,
    "minMax": {
      "min": 237,
      "max": 2962
    },
    "spread": 2725,
    "empericalVariance": 759.2999999999998,
    "variationCoefficient": 81.71889795033566
  },
  "uses-long-cache-ttl": {
    "average": 6397465,
    "median": 6397465,
    "standardDeviation": 0,
    "minMax": {
      "min": 6397465,
      "max": 6397465
    },
    "spread": 0,
    "empericalVariance": 0,
    "variationCoefficient": 0
  },
  "total-byte-weight": {
    "average": 6399488,
    "median": 6399488,
    "standardDeviation": 0,
    "minMax": {
      "min": 6399488,
      "max": 6399488
    },
    "spread": 0,
    "empericalVariance": 0,
    "variationCoefficient": 0
  },
  "render-blocking-resources": {
    "average": 84,
    "median": 86.5,
    "standardDeviation": 38.67298798903441,
    "minMax": {
      "min": 36,
      "max": 137
    },
    "spread": 101,
    "empericalVariance": 38,
    "variationCoefficient": 46.039271415517156
  },
  "modern-image-formats": {
    "average": 2175,
    "median": 2175,
    "standardDeviation": 1575,
    "minMax": {
      "min": 600,
      "max": 3750
    },
    "spread": 3150,
    "empericalVariance": 1575,
    "variationCoefficient": 72.41379310344827
  },
  "uses-responsive-images": {
    "average": 17748,
    "median": 17910,
    "standardDeviation": 12833.890914294074,
    "minMax": {
      "min": 4920,
      "max": 30900
    },
    "spread": 25980,
    "empericalVariance": 12828,
    "variationCoefficient": 72.31175858853996
  },
  "dom-size": {
    "average": 27,
    "median": 27,
    "standardDeviation": 0,
    "minMax": {
      "min": 27,
      "max": 27
    },
    "spread": 0,
    "empericalVariance": 0,
    "variationCoefficient": 0
  },
  "total-blocking-time": {
    "average": 611.0813312500002,
    "median": 580.9244000000001,
    "standardDeviation": 630.9626579910906,
    "minMax": {
      "min": 28.575500000000005,
      "max": 2086.65115
    },
    "spread": 2058.07565,
    "empericalVariance": 440.0785562500001,
    "variationCoefficient": 103.25346655582199
  },
  "bootup-time": {
    "average": 43.04455555555556,
    "median": 13.820000000000002,
    "standardDeviation": 32.718686971451085,
    "minMax": {
      "min": 11.693000000000003,
      "max": 101.32000000000002
    },
    "spread": 89.62700000000002,
    "empericalVariance": 28.593283950617295,
    "variationCoefficient": 76.01120873282716
  }
}