{
  "first-contentful-paint": {
    "average": 6593.569195000001,
    "median": 12818.561399999997,
    "standardDeviation": 4761.932777334793,
    "minMax": {
      "min": 1186.9842999999996,
      "max": 12865.38565
    },
    "spread": 11678.40135,
    "empericalVariance": 4129.629733333334,
    "variationCoefficient": 72.22086606667956
  },
  "largest-contentful-paint": {
    "average": 47712.74202666667,
    "median": 7015.455799999994,
    "standardDeviation": 36007.987833864165,
    "minMax": {
      "min": 6970.70515,
      "max": 94650.38410000016
    },
    "spread": 87679.67895000016,
    "empericalVariance": 31235.46250555555,
    "variationCoefficient": 75.46828437095333
  },
  "first-meaningful-paint": {
    "average": 6593.569195000001,
    "median": 12818.561399999997,
    "standardDeviation": 4761.932777334793,
    "minMax": {
      "min": 1186.9842999999996,
      "max": 12865.38565
    },
    "spread": 11678.40135,
    "empericalVariance": 4129.629733333334,
    "variationCoefficient": 72.22086606667956
  },
  "speed-index": {
    "average": 8917.644999439548,
    "median": 18946.190773451315,
    "standardDeviation": 7383.3916454283035,
    "minMax": {
      "min": 1186.9842999999996,
      "max": 19078.198064747077
    },
    "spread": 17891.213764747077,
    "empericalVariance": 6635.020788700814,
    "variationCoefficient": 82.79530802013684
  },
  "max-potential-fid": {
    "average": 383.9,
    "median": 696.5,
    "standardDeviation": 281.66198418198604,
    "minMax": {
      "min": 16.5,
      "max": 715.5
    },
    "spread": 699,
    "empericalVariance": 259.28000000000003,
    "variationCoefficient": 73.36858144881117
  },
  "cumulative-layout-shift": {
    "average": 0.15296442781571962,
    "median": 0.15727551035373435,
    "standardDeviation": 0.007052497665514934,
    "minMax": {
      "min": 0.14026451033184484,
      "max": 0.15727551035373435
    },
    "spread": 0.017011000021889516,
    "empericalVariance": 0.006229818481549584,
    "variationCoefficient": 4.610547541165107
  },
  "server-response-time": {
    "average": 4.035533333333333,
    "median": 3.876,
    "standardDeviation": 0.7504210255287064,
    "minMax": {
      "min": 3.4509999999999996,
      "max": 6.624
    },
    "spread": 3.173,
    "empericalVariance": 0.43952,
    "variationCoefficient": 18.59533706066211
  },
  "interactive": {
    "average": 7888.206381666668,
    "median": 15002.7399,
    "standardDeviation": 5568.433153120697,
    "minMax": {
      "min": 1186.9842999999996,
      "max": 15003.504900000004
    },
    "spread": 13816.520600000003,
    "empericalVariance": 4914.651818000001,
    "variationCoefficient": 70.59187961996713
  },
  "mainthread-work-breakdown": {
    "average": 1979.2682000000002,
    "median": 3500.36,
    "standardDeviation": 1429.7525909755248,
    "minMax": {
      "min": 139.55600000000015,
      "max": 3516.683999999999
    },
    "spread": 3377.127999999999,
    "empericalVariance": 1377.7982133333333,
    "variationCoefficient": 72.23642510780118
  },
  "bootup-time": {
    "average": 143.26440000000002,
    "median": 209.54400000000004,
    "standardDeviation": 80.96773329814788,
    "minMax": {
      "min": 21.055999999999997,
      "max": 252.11600000000004
    },
    "spread": 231.06000000000006,
    "empericalVariance": 74.05440000000002,
    "variationCoefficient": 56.516296650213086
  },
  "network-rtt": {
    "average": 0.09894,
    "median": 0.0921,
    "standardDeviation": 0.02514528584049106,
    "minMax": {
      "min": 0.08519999999999998,
      "max": 0.192
    },
    "spread": 0.10680000000000002,
    "empericalVariance": 0.012595999999999993,
    "variationCoefficient": 25.414681464009565
  },
  "network-server-latency": {
    "average": 102.92766333333334,
    "median": 102.92545,
    "standardDeviation": 0.23011965254816646,
    "minMax": {
      "min": 102.57074999999999,
      "max": 103.43405
    },
    "spread": 0.8633000000000095,
    "empericalVariance": 0.1727675555555578,
    "variationCoefficient": 0.2235741540181664
  },
  "metrics": {
    "average": 7888.266666666666,
    "median": 15003,
    "standardDeviation": 5568.408599311735,
    "minMax": {
      "min": 1187,
      "max": 15004
    },
    "spread": 13817,
    "empericalVariance": 4914.586666666667,
    "variationCoefficient": 70.59102886115753
  },
  "total-byte-weight": {
    "average": 7847056,
    "median": 7847056,
    "standardDeviation": 0,
    "minMax": {
      "min": 7847056,
      "max": 7847056
    },
    "spread": 0,
    "empericalVariance": 0,
    "variationCoefficient": 0
  },
  "unminified-javascript": {
    "average": 3368.6666666666665,
    "median": 400,
    "standardDeviation": 2619.9996607294097,
    "minMax": {
      "min": 400,
      "max": 6900
    },
    "spread": 6500,
    "empericalVariance": 2274.2222222222217,
    "variationCoefficient": 77.77556879267988
  },
  "unused-javascript": {
    "average": 3400,
    "median": 480,
    "standardDeviation": 2594.763958436297,
    "minMax": {
      "min": 480,
      "max": 6900
    },
    "spread": 6420,
    "empericalVariance": 2253.3333333333335,
    "variationCoefficient": 76.31658701283226
  },
  "modern-image-formats": {
    "average": 4250,
    "median": 600,
    "standardDeviation": 3203.9038687201587,
    "minMax": {
      "min": 600,
      "max": 8400
    },
    "spread": 7800,
    "empericalVariance": 2766.6666666666665,
    "variationCoefficient": 75.3859733816508
  },
  "uses-text-compression": {
    "average": 6564.666666666667,
    "median": 5550,
    "standardDeviation": 5125.241934668927,
    "minMax": {
      "min": 800,
      "max": 13500
    },
    "spread": 12700,
    "empericalVariance": 4463.555555555554,
    "variationCoefficient": 78.07314818729958
  },
  "uses-responsive-images": {
    "average": 36112.666666666664,
    "median": 4970,
    "standardDeviation": 27723.435926225946,
    "minMax": {
      "min": 4960,
      "max": 72320
    },
    "spread": 67360,
    "empericalVariance": 24131.55555555555,
    "variationCoefficient": 76.76928481112614
  },
  "dom-size": {
    "average": 26,
    "median": 26,
    "standardDeviation": 0,
    "minMax": {
      "min": 26,
      "max": 26
    },
    "spread": 0,
    "empericalVariance": 0,
    "variationCoefficient": 0
  },
  "prioritize-lcp-image": {
    "average": -25.517077272731346,
    "median": -61.35965000000033,
    "standardDeviation": 222.5657319922656,
    "minMax": {
      "min": -285.45040000000154,
      "max": 318.6194999999643
    },
    "spread": 604.0698999999659,
    "empericalVariance": 193.7853925619809,
    "variationCoefficient": -872.2226672492345
  },
  "total-blocking-time": {
    "average": 276.30484583333333,
    "median": 215.02196249999997,
    "standardDeviation": 261.09249380559083,
    "minMax": {
      "min": 6.5,
      "max": 714.2774750000001
    },
    "spread": 707.7774750000001,
    "empericalVariance": 214.95285208333334,
    "variationCoefficient": 94.4943593074301
  }
}