{
  "first-contentful-paint": {
    "average": 1246.970311226373,
    "median": 1201.7849666989407,
    "standardDeviation": 107.51656030475056,
    "minMax": {
      "min": 1179.0177894329258,
      "max": 1460.2739999999994
    },
    "spread": 281.2562105670736,
    "empiricalVariance": 85.32147550945051,
    "variationCoefficient": 8.622222946030684,
    "values": [
      1179.0177894329258,
      1179.2134999999998,
      1201.7849666989407,
      1214.5612999999996,
      1460.2739999999994
    ]
  },
  "largest-contentful-paint": {
    "average": 2897.0877047835793,
    "median": 2422.4274999999993,
    "standardDeviation": 670.3843669631561,
    "minMax": {
      "min": 2313.4565288927024,
      "max": 3722.3532499999997
    },
    "spread": 1408.8967211072973,
    "empiricalVariance": 655.7002161731365,
    "variationCoefficient": 23.13994035652558,
    "values": [
      2313.4565288927024,
      2316.1285450251944,
      2422.4274999999993,
      3711.0726999999997,
      3722.3532499999997
    ]
  },
  "first-meaningful-paint": {
    "average": 1246.970311226373,
    "median": 1201.7849666989407,
    "standardDeviation": 107.51656030475056,
    "minMax": {
      "min": 1179.0177894329258,
      "max": 1460.2739999999994
    },
    "spread": 281.2562105670736,
    "empiricalVariance": 85.32147550945051,
    "variationCoefficient": 8.622222946030684,
    "values": [
      1179.0177894329258,
      1179.2134999999998,
      1201.7849666989407,
      1214.5612999999996,
      1460.2739999999994
    ]
  },
  "speed-index": {
    "average": 1695.0599316505682,
    "median": 1661.8362556731945,
    "standardDeviation": 270.9249421394071,
    "minMax": {
      "min": 1447.0178845815947,
      "max": 2199.050442661879
    },
    "spread": 752.0325580802844,
    "empiricalVariance": 202.27367560975364,
    "variationCoefficient": 15.983207264866046,
    "values": [
      1447.0178845815947,
      1470.6414656725324,
      1661.8362556731945,
      1696.753609663642,
      2199.050442661879
    ]
  },
  "total-blocking-time": {
    "average": 43.4,
    "median": 43,
    "standardDeviation": 1.7146428199482249,
    "minMax": {
      "min": 41,
      "max": 46
    },
    "spread": 5,
    "empiricalVariance": 1.4799999999999998,
    "variationCoefficient": 3.9507899077148037,
    "values": [
      41,
      42.5,
      43,
      44.5,
      46
    ]
  },
  "max-potential-fid": {
    "average": 76.4,
    "median": 76,
    "standardDeviation": 1.7146428199482247,
    "minMax": {
      "min": 74,
      "max": 79
    },
    "spread": 5,
    "empiricalVariance": 1.480000000000001,
    "variationCoefficient": 2.244296884748985,
    "values": [
      74,
      75.5,
      76,
      77.5,
      79
    ]
  },
  "cumulative-layout-shift": {
    "average": 0.00010669515301589495,
    "median": 0.00010669515301589495,
    "standardDeviation": 0,
    "minMax": {
      "min": 0.00010669515301589495,
      "max": 0.00010669515301589495
    },
    "spread": 0,
    "empiricalVariance": 0,
    "variationCoefficient": 0,
    "values": [
      0.00010669515301589495,
      0.00010669515301589495,
      0.00010669515301589495,
      0.00010669515301589495,
      0.00010669515301589495
    ]
  },
  "server-response-time": {
    "average": 26.431400000000004,
    "median": 3.666,
    "standardDeviation": 45.31542190292395,
    "minMax": {
      "min": 3.262,
      "max": 117.06
    },
    "spread": 113.798,
    "empiricalVariance": 36.25144,
    "variationCoefficient": 171.44540925915368,
    "values": [
      117.06,
      3.262,
      3.666,
      3.9400000000000004,
      4.229
    ]
  },
  "interactive": {
    "average": 1923.2167160254758,
    "median": 1859.0746712041193,
    "standardDeviation": 117.89250160000262,
    "minMax": {
      "min": 1851.939408923261,
      "max": 2156.984499999999
    },
    "spread": 305.0450910767381,
    "empiricalVariance": 93.5071135898093,
    "variationCoefficient": 6.129964481779232,
    "values": [
      1851.939408923261,
      1853.8562499999998,
      1859.0746712041193,
      1894.2287499999998,
      2156.984499999999
    ]
  },
  "mainthread-work-breakdown": {
    "average": 334.40699999998844,
    "median": 332.72899999998833,
    "standardDeviation": 10.066121060269825,
    "minMax": {
      "min": 320.7689999999877,
      "max": 348.16799999998807
    },
    "spread": 27.399000000000342,
    "empiricalVariance": 9.006000000000427,
    "variationCoefficient": 3.0101406550311967,
    "values": [
      320.7689999999877,
      327.20799999998826,
      332.72899999998833,
      343.16099999998994,
      348.16799999998807
    ]
  },
  "bootup-time": {
    "average": 193.44339999998834,
    "median": 192.46999999998832,
    "standardDeviation": 5.507088472142409,
    "minMax": {
      "min": 185.93499999998775,
      "max": 200.4829999999895
    },
    "spread": 14.548000000001736,
    "empiricalVariance": 4.974480000000244,
    "variationCoefficient": 2.8468732829048395,
    "values": [
      185.93499999998775,
      189.4889999999884,
      192.46999999998832,
      198.83999999998784,
      200.4829999999895
    ]
  },
  "network-rtt": {
    "average": 186.49578000000002,
    "median": 305.651,
    "standardDeviation": 152.198175576587,
    "minMax": {
      "min": 0.1143,
      "max": 313.717
    },
    "spread": 313.60269999999997,
    "empiricalVariance": 149.09786400000002,
    "variationCoefficient": 81.6094474505466,
    "values": [
      0.1143,
      0.1326,
      305.651,
      312.864,
      313.717
    ]
  },
  "network-server-latency": {
    "average": 388.5722370806322,
    "median": 326.59,
    "standardDeviation": 94.68988602466715,
    "minMax": {
      "min": 302.044,
      "max": 504.12261410380535
    },
    "spread": 202.07861410380536,
    "empiricalVariance": 92.41708449675865,
    "variationCoefficient": 24.36866996367992,
    "values": [
      302.044,
      306.04,
      326.59,
      504.0645712993557,
      504.12261410380535
    ]
  },
  "metrics": {
    "average": 1923.2,
    "median": 1859,
    "standardDeviation": 117.89385056057844,
    "minMax": {
      "min": 1852,
      "max": 2157
    },
    "spread": 305,
    "empiricalVariance": 93.52000000000002,
    "variationCoefficient": 6.130087903524253,
    "values": [
      1852,
      1854,
      1859,
      1894,
      2157
    ]
  },
  "prioritize-lcp-image": {
    "average": 42.29475425987111,
    "median": 46.778299999999945,
    "standardDeviation": 20.32072296156923,
    "minMax": {
      "min": 6.68340000000012,
      "max": 70.04899999999998
    },
    "spread": 63.36559999999986,
    "empiricalVariance": 14.2445417039484,
    "variationCoefficient": 48.045492442662926,
    "values": [
      43.53457129935555,
      44.428499999999985,
      46.778299999999945,
      6.68340000000012,
      70.04899999999998
    ]
  },
  "total-byte-weight": {
    "average": 1569624,
    "median": 1569624,
    "standardDeviation": 0,
    "minMax": {
      "min": 1569624,
      "max": 1569624
    },
    "spread": 0,
    "empiricalVariance": 0,
    "variationCoefficient": 0,
    "values": [
      1569624,
      1569624,
      1569624,
      1569624,
      1569624
    ]
  },
  "unminified-javascript": {
    "average": 392,
    "median": 400,
    "standardDeviation": 16,
    "minMax": {
      "min": 360,
      "max": 400
    },
    "spread": 40,
    "empiricalVariance": 12.8,
    "variationCoefficient": 4.081632653061225,
    "values": [
      360,
      400,
      400,
      400,
      400
    ]
  },
  "unused-javascript": {
    "average": 496,
    "median": 480,
    "standardDeviation": 19.595917942265423,
    "minMax": {
      "min": 480,
      "max": 520
    },
    "spread": 40,
    "empiricalVariance": 19.2,
    "variationCoefficient": 3.950789907714803,
    "values": [
      480,
      480,
      480,
      520,
      520
    ]
  },
  "uses-text-compression": {
    "average": 990,
    "median": 840,
    "standardDeviation": 163.82917933017916,